﻿<?xml version="1.0"?>
<doc>
<assembly>
<name>
gravityBanana
</name>
</assembly>
<members>
<member name="P:gravityBanana.My.Resources.Resources.ResourceManager">
	<summary>
  Returns the cached ResourceManager instance used by this class.
</summary>
</member><member name="P:gravityBanana.My.Resources.Resources.Culture">
	<summary>
  Overrides the current thread's CurrentUICulture property for all
  resource lookups using this strongly typed resource class.
</summary>
</member><member name="P:gravityBanana.My.Resources.Resources.GBDieDownLeft">
	<summary>
  Looks up a localized resource of type System.Drawing.Bitmap.
</summary>
</member><member name="P:gravityBanana.My.Resources.Resources.GBDieDownRight">
	<summary>
  Looks up a localized resource of type System.Drawing.Bitmap.
</summary>
</member><member name="P:gravityBanana.My.Resources.Resources.GBDieUpLeft">
	<summary>
  Looks up a localized resource of type System.Drawing.Bitmap.
</summary>
</member><member name="P:gravityBanana.My.Resources.Resources.GBDieUpRight">
	<summary>
  Looks up a localized resource of type System.Drawing.Bitmap.
</summary>
</member><member name="P:gravityBanana.My.Resources.Resources.GBMoveDownLeft">
	<summary>
  Looks up a localized resource of type System.Drawing.Bitmap.
</summary>
</member><member name="P:gravityBanana.My.Resources.Resources.GBMoveDownRight">
	<summary>
  Looks up a localized resource of type System.Drawing.Bitmap.
</summary>
</member><member name="P:gravityBanana.My.Resources.Resources.GBMoveUpLeft">
	<summary>
  Looks up a localized resource of type System.Drawing.Bitmap.
</summary>
</member><member name="P:gravityBanana.My.Resources.Resources.GBMoveUpRight">
	<summary>
  Looks up a localized resource of type System.Drawing.Bitmap.
</summary>
</member><member name="P:gravityBanana.My.Resources.Resources.GBStandDownLeft">
	<summary>
  Looks up a localized resource of type System.Drawing.Bitmap.
</summary>
</member><member name="P:gravityBanana.My.Resources.Resources.GBStandDownRight">
	<summary>
  Looks up a localized resource of type System.Drawing.Bitmap.
</summary>
</member><member name="P:gravityBanana.My.Resources.Resources.GBStandUpLeft">
	<summary>
  Looks up a localized resource of type System.Drawing.Bitmap.
</summary>
</member><member name="P:gravityBanana.My.Resources.Resources.GBStandUpRight">
	<summary>
  Looks up a localized resource of type System.Drawing.Bitmap.
</summary>
</member><member name="P:gravityBanana.My.Resources.Resources.GBThrowDownLeft">
	<summary>
  Looks up a localized resource of type System.Drawing.Bitmap.
</summary>
</member><member name="P:gravityBanana.My.Resources.Resources.GBThrowDownRight">
	<summary>
  Looks up a localized resource of type System.Drawing.Bitmap.
</summary>
</member><member name="P:gravityBanana.My.Resources.Resources.GBThrowUpLeft">
	<summary>
  Looks up a localized resource of type System.Drawing.Bitmap.
</summary>
</member><member name="P:gravityBanana.My.Resources.Resources.GBThrowUpRight">
	<summary>
  Looks up a localized resource of type System.Drawing.Bitmap.
</summary>
</member><member name="P:gravityBanana.My.Resources.Resources.GBZAcid">
	<summary>
  Looks up a localized resource of type System.Drawing.Bitmap.
</summary>
</member><member name="P:gravityBanana.My.Resources.Resources.GBZFloorDown">
	<summary>
  Looks up a localized resource of type System.Drawing.Bitmap.
</summary>
</member><member name="P:gravityBanana.My.Resources.Resources.GBZFloorUp">
	<summary>
  Looks up a localized resource of type System.Drawing.Bitmap.
</summary>
</member><member name="P:gravityBanana.My.Resources.Resources.GBZIcon">
	<summary>
  Looks up a localized resource of type System.Drawing.Icon similar to (Icon).
</summary>
</member><member name="P:gravityBanana.My.Resources.Resources.GBZMusic">
	<summary>
  Looks up a localized resource of type System.IO.UnmanagedMemoryStream similar to System.IO.MemoryStream.
</summary>
</member><member name="P:gravityBanana.My.Resources.Resources.GBZPortal">
	<summary>
  Looks up a localized resource of type System.Drawing.Bitmap.
</summary>
</member><member name="P:gravityBanana.My.Resources.Resources.GBZShootSeedDownRight">
	<summary>
  Looks up a localized resource of type System.Drawing.Bitmap.
</summary>
</member><member name="P:gravityBanana.My.Resources.Resources.GBZShootSeedUpRight">
	<summary>
  Looks up a localized resource of type System.Drawing.Bitmap.
</summary>
</member><member name="P:gravityBanana.My.Resources.Resources.GBZSpikeDown">
	<summary>
  Looks up a localized resource of type System.Drawing.Bitmap.
</summary>
</member><member name="P:gravityBanana.My.Resources.Resources.GBZSpikeUp">
	<summary>
  Looks up a localized resource of type System.Drawing.Bitmap.
</summary>
</member><member name="P:gravityBanana.My.Resources.Resources.GBZTutorial1">
	<summary>
  Looks up a localized resource of type System.Drawing.Bitmap.
</summary>
</member><member name="P:gravityBanana.My.Resources.Resources.GBZTutorial2">
	<summary>
  Looks up a localized resource of type System.Drawing.Bitmap.
</summary>
</member><member name="P:gravityBanana.My.Resources.Resources.GBZTutorial3">
	<summary>
  Looks up a localized resource of type System.Drawing.Bitmap.
</summary>
</member><member name="P:gravityBanana.My.Resources.Resources.GBZWallBoss">
	<summary>
  Looks up a localized resource of type System.Drawing.Bitmap.
</summary>
</member><member name="P:gravityBanana.My.Resources.Resources.GBZWallDown">
	<summary>
  Looks up a localized resource of type System.Drawing.Bitmap.
</summary>
</member><member name="P:gravityBanana.My.Resources.Resources.GBZWallUp">
	<summary>
  Looks up a localized resource of type System.Drawing.Bitmap.
</summary>
</member><member name="P:gravityBanana.My.Resources.Resources.logoBeta">
	<summary>
  Looks up a localized resource of type System.Drawing.Bitmap.
</summary>
</member><member name="P:gravityBanana.My.Resources.Resources.pickAppleInTheAir">
	<summary>
  Looks up a localized resource of type System.Drawing.Bitmap.
</summary>
</member><member name="P:gravityBanana.My.Resources.Resources.pickBoss1DieHalf1">
	<summary>
  Looks up a localized resource of type System.Drawing.Bitmap.
</summary>
</member><member name="P:gravityBanana.My.Resources.Resources.pickBoss1DieHalf2">
	<summary>
  Looks up a localized resource of type System.Drawing.Bitmap.
</summary>
</member><member name="P:gravityBanana.My.Resources.Resources.pickBoss1RightHalf1">
	<summary>
  Looks up a localized resource of type System.Drawing.Bitmap.
</summary>
</member><member name="P:gravityBanana.My.Resources.Resources.pickBoss1RightHalf2">
	<summary>
  Looks up a localized resource of type System.Drawing.Bitmap.
</summary>
</member><member name="P:gravityBanana.My.Resources.Resources.pickBoss1ShootHalf1">
	<summary>
  Looks up a localized resource of type System.Drawing.Bitmap.
</summary>
</member><member name="P:gravityBanana.My.Resources.Resources.pickBoss1ShootHalf2">
	<summary>
  Looks up a localized resource of type System.Drawing.Bitmap.
</summary>
</member><member name="P:gravityBanana.My.Resources.Resources.pickChangeGravity">
	<summary>
  Looks up a localized resource of type System.Drawing.Bitmap.
</summary>
</member><member name="P:gravityBanana.My.Resources.Resources.pickDieDown">
	<summary>
  Looks up a localized resource of type System.Drawing.Bitmap.
</summary>
</member><member name="P:gravityBanana.My.Resources.Resources.pickDieDown2">
	<summary>
  Looks up a localized resource of type System.Drawing.Bitmap.
</summary>
</member><member name="P:gravityBanana.My.Resources.Resources.pickDieUp">
	<summary>
  Looks up a localized resource of type System.Drawing.Bitmap.
</summary>
</member><member name="P:gravityBanana.My.Resources.Resources.pickDieUp2">
	<summary>
  Looks up a localized resource of type System.Drawing.Bitmap.
</summary>
</member><member name="P:gravityBanana.My.Resources.Resources.pickle_moveLeftDown">
	<summary>
  Looks up a localized resource of type System.Drawing.Bitmap.
</summary>
</member><member name="P:gravityBanana.My.Resources.Resources.pickle_moveLeftUp">
	<summary>
  Looks up a localized resource of type System.Drawing.Bitmap.
</summary>
</member><member name="P:gravityBanana.My.Resources.Resources.pickle_moveRightDown">
	<summary>
  Looks up a localized resource of type System.Drawing.Bitmap.
</summary>
</member><member name="P:gravityBanana.My.Resources.Resources.pickle_moveRightUp">
	<summary>
  Looks up a localized resource of type System.Drawing.Bitmap.
</summary>
</member><member name="P:gravityBanana.My.Resources.Resources.pickShield">
	<summary>
  Looks up a localized resource of type System.Drawing.Bitmap.
</summary>
</member><member name="P:gravityBanana.My.Resources.Resources.pickShield2">
	<summary>
  Looks up a localized resource of type System.Drawing.Bitmap.
</summary>
</member><member name="P:gravityBanana.My.Resources.Resources.pickThrowAplStandDownLeft">
	<summary>
  Looks up a localized resource of type System.Drawing.Bitmap.
</summary>
</member><member name="P:gravityBanana.My.Resources.Resources.pickThrowAplStandUpLeft">
	<summary>
  Looks up a localized resource of type System.Drawing.Bitmap.
</summary>
</member><member name="P:gravityBanana.My.Resources.Resources.pickThrowAplThrowingDownLeft">
	<summary>
  Looks up a localized resource of type System.Drawing.Bitmap.
</summary>
</member><member name="P:gravityBanana.My.Resources.Resources.pickThrowAplThrowingUpLeft">
	<summary>
  Looks up a localized resource of type System.Drawing.Bitmap.
</summary>
</member><member name="P:gravityBanana.My.Resources.Resources.r_h_c_p_ex">
	<summary>
  Looks up a localized resource of type System.Drawing.Bitmap.
</summary>
</member><member name="P:gravityBanana.My.Resources.Resources.r_h_c_p_s">
	<summary>
  Looks up a localized resource of type System.Drawing.Bitmap.
</summary>
</member><member name="T:gravityBanana.My.Resources.Resources">
	<summary>
  A strongly-typed resource class, for looking up localized strings, etc.
</summary>
</member>
</members>
</doc>